사용월,호선명,역ID,지하철역,유임승차,유임하차,무임승차,무임하차,작업일시
2023-11,1호선,0150,서울역,"1,446,981","1,382,424","217,363","207,561",2023-12-03 09:30:40
2023-11,1호선,0151,시청,"706,852","705,374","103,979","102,291",2023-12-03 09:30:40
2023-11,1호선,0152,종각,"983,062","964,695","149,124","137,862",2023-12-03 09:30:40
2023-11,1호선,0153,종로3가,"476,984","437,566","288,215","265,357",2023-12-03 09:30:40
2023-11,1호선,0154,종로5가,"503,760","494,954","245,469","236,463",2023-12-03 09:30:40
2023-11,1호선,0155,동대문,"228,644","220,181","123,983","123,667",2023-12-03 09:30:40
2023-11,1호선,0156,신설동,"296,375","284,293","119,681","117,247",2023-12-03 09:30:40
2023-11,1호선,0157,제기동,"236,214","225,295","263,515","281,109",2023-12-03 09:30:40
2023-11,1호선,0158,청량리(서울시립대입구),"380,377","369,038","271,514","275,177",2023-12-03 09:30:40
2023-11,1호선,0159,동묘앞,"145,123","150,686","149,961","151,238",2023-12-03 09:30:40
2023-11,2호선,0201,시청,"707,571","662,312","63,864","58,234",2023-12-03 09:30:40
2023-11,2호선,0202,을지로입구,"1,335,236","1,374,217","107,654","100,201",2023-12-03 09:30:40
2023-11,2호선,0203,을지로3가,"651,148","641,164","77,081","74,822",2023-12-03 09:30:40
2023-11,2호선,0204,을지로4가,"333,511","339,693","79,834","78,877",2023-12-03 09:30:40
2023-11,2호선,0205,동대문역사문화공원(DDP),"376,421","440,799","60,151","64,501",2023-12-03 09:30:40
2023-11,2호선,0206,신당,"342,459","360,452","92,936","95,191",2023-12-03 09:30:40
2023-11,2호선,0207,상왕십리,"356,918","344,692","69,214","70,010",2023-12-03 09:30:40
2023-11,2호선,0208,왕십리(성동구청),"430,189","376,172","53,794","48,157",2023-12-03 09:30:40
2023-11,2호선,0209,한양대,"378,021","415,265","14,913","16,058",2023-12-03 09:30:40
2023-11,2호선,0210,뚝섬,"647,649","678,875","63,515","63,498",2023-12-03 09:30:40
2023-11,2호선,0211,성수,"1,089,255","1,200,842","104,422","105,702",2023-12-03 09:30:40
2023-11,2호선,0212,건대입구,"1,002,639","1,062,356","94,938","98,643",2023-12-03 09:30:40
2023-11,2호선,0213,구의(광진구청),"621,121","600,553","108,032","108,328",2023-12-03 09:30:40
2023-11,2호선,0214,강변(동서울터미널),"824,426","780,885","124,328","120,082",2023-12-03 09:30:40
2023-11,2호선,0215,잠실나루,"353,359","341,242","93,438","93,782",2023-12-03 09:30:40
2023-11,2호선,0216,잠실(송파구청),"2,144,031","2,152,292","219,204","209,608",2023-12-03 09:30:40
2023-11,2호선,0217,잠실새내,"579,999","577,510","114,142","112,443",2023-12-03 09:30:40
2023-11,2호선,0218,종합운동장,"283,591","317,434","53,033","55,757",2023-12-03 09:30:40
2023-11,2호선,0219,삼성(무역센터),"1,522,589","1,545,451","122,229","113,340",2023-12-03 09:30:40
2023-11,2호선,0220,선릉,"1,370,785","1,208,533","235,172","206,951",2023-12-03 09:30:40
2023-11,2호선,0221,역삼,"1,277,744","1,464,716","155,338","158,092",2023-12-03 09:30:40
2023-11,2호선,0222,강남,"2,123,272","2,072,541","165,986","144,141",2023-12-03 09:30:40
2023-11,2호선,0223,교대(법원.검찰청),"731,799","885,819","153,848","183,786",2023-12-03 09:30:40
2023-11,2호선,0224,서초,"566,953","541,426","95,357","94,778",2023-12-03 09:30:40
2023-11,2호선,0225,방배,"442,800","462,170","80,996","80,407",2023-12-03 09:30:40
2023-11,2호선,0226,사당,"978,507","1,089,934","212,313","203,143",2023-12-03 09:30:40
2023-11,2호선,0227,낙성대(강감찬),"711,813","685,425","107,180","109,320",2023-12-03 09:30:40
2023-11,2호선,0228,서울대입구(관악구청),"1,199,679","1,167,132","177,833","167,580",2023-12-03 09:30:40
2023-11,2호선,0229,봉천,"554,366","508,596","151,067","149,710",2023-12-03 09:30:40
2023-11,2호선,0230,신림,"1,417,861","1,347,029","199,086","196,831",2023-12-03 09:30:40
2023-11,2호선,0231,신대방,"626,182","599,910","130,486","131,987",2023-12-03 09:30:40
2023-11,2호선,0232,구로디지털단지,"1,467,998","1,447,184","192,370","191,859",2023-12-03 09:30:40
2023-11,2호선,0233,대림(구로구청),"587,250","599,821","131,914","136,682",2023-12-03 09:30:40
2023-11,2호선,0234,신도림,"1,266,344","1,255,910","227,301","213,441",2023-12-03 09:30:40
2023-11,2호선,0235,문래,"558,453","575,209","88,470","88,119",2023-12-03 09:30:40
2023-11,2호선,0236,영등포구청,"528,029","546,732","102,721","101,254",2023-12-03 09:30:40
2023-11,2호선,0237,당산,"472,277","556,115","59,808","65,450",2023-12-03 09:30:40
2023-11,2호선,0238,합정,"910,534","995,720","71,830","72,264",2023-12-03 09:30:40
2023-11,2호선,0239,홍대입구,"2,012,032","2,173,849","101,960","98,645",2023-12-03 09:30:40
2023-11,2호선,0240,신촌,"1,064,202","1,092,882","125,381","123,232",2023-12-03 09:30:40
2023-11,2호선,0241,이대,"473,105","520,911","50,923","53,925",2023-12-03 09:30:40
2023-11,2호선,0242,아현,"261,750","241,214","65,696","64,278",2023-12-03 09:30:40
2023-11,2호선,0243,충정로(경기대입구),"251,727","269,843","48,719","49,233",2023-12-03 09:30:40
2023-11,2호선,0244,용답,"72,687","73,835","17,717","17,410",2023-12-03 09:30:40
2023-11,2호선,0245,신답,"38,552","42,956","9,692","10,635",2023-12-03 09:30:40
2023-11,2호선,0246,신설동,"81,201","77,153","31,174","33,113",2023-12-03 09:30:40
2023-11,2호선,0247,도림천,"27,698","29,324","8,289","9,326",2023-12-03 09:30:40
2023-11,2호선,0248,양천구청,"151,428","161,247","52,621","53,928",2023-12-03 09:30:40
2023-11,2호선,0249,신정네거리,"227,821","235,647","76,099","77,569",2023-12-03 09:30:40
2023-11,2호선,0250,용두(동대문구청),"49,598","48,169","23,888","24,904",2023-12-03 09:30:40
2023-11,3호선,0309,지축,"170,676","169,314","35,524","34,213",2023-12-03 09:30:40
2023-11,3호선,0310,구파발,"509,671","500,065","128,514","123,589",2023-12-03 09:30:40
2023-11,3호선,0311,연신내,"767,377","723,576","261,096","252,120",2023-12-03 09:30:40
2023-11,3호선,0312,불광,"349,031","372,112","140,283","154,763",2023-12-03 09:30:40
2023-11,3호선,0313,녹번,"386,434","342,524","82,422","80,976",2023-12-03 09:30:40
2023-11,3호선,0314,홍제,"405,372","380,829","147,070","145,607",2023-12-03 09:30:40
2023-11,3호선,0315,무악재,"99,342","94,347","33,555","35,407",2023-12-03 09:30:40
2023-11,3호선,0316,독립문,"161,137","165,872","72,667","72,242",2023-12-03 09:30:40
2023-11,3호선,0317,경복궁(정부서울청사),"706,127","723,506","100,758","101,624",2023-12-03 09:30:40
2023-11,3호선,0318,안국,"701,109","719,531","108,091","112,751",2023-12-03 09:30:40
2023-11,3호선,0319,종로3가,"249,075","292,759","66,039","73,653",2023-12-03 09:30:40
2023-11,3호선,0320,을지로3가,"292,170","298,759","51,497","49,196",2023-12-03 09:30:40
2023-11,3호선,0321,충무로,98,0,1,0,2023-12-03 09:30:40
2023-11,3호선,0322,동대입구,"314,400","350,560","43,220","48,315",2023-12-03 09:30:40
2023-11,3호선,0323,약수,"303,501","298,039","83,714","79,107",2023-12-03 09:30:40
2023-11,3호선,0324,금호,"185,011","168,149","55,327","54,245",2023-12-03 09:30:40
2023-11,3호선,0325,옥수,"202,688","208,825","61,168","60,576",2023-12-03 09:30:40
2023-11,3호선,0326,압구정,"775,768","852,535","142,974","142,812",2023-12-03 09:30:40
2023-11,3호선,0327,신사,"770,999","811,096","72,390","70,206",2023-12-03 09:30:40
2023-11,3호선,0328,잠원,"118,612","112,748","32,887","31,202",2023-12-03 09:30:40
2023-11,3호선,0329,고속터미널,"1,266,190","1,202,438","214,016","201,830",2023-12-03 09:30:40
2023-11,3호선,0330,교대(법원.검찰청),"402,405","244,993","88,797","49,872",2023-12-03 09:30:40
2023-11,3호선,0331,남부터미널(예술의전당),"748,148","763,130","129,448","131,642",2023-12-03 09:30:40
2023-11,3호선,0332,양재(서초구청),"925,127","1,024,776","158,281","158,526",2023-12-03 09:30:40
2023-11,3호선,0333,매봉,"287,754","279,390","73,317","68,981",2023-12-03 09:30:40
2023-11,3호선,0334,도곡,"122,756","124,459","25,135","23,992",2023-12-03 09:30:40
2023-11,3호선,0335,대치,"287,431","285,953","73,032","70,247",2023-12-03 09:30:40
2023-11,3호선,0336,학여울,"53,908","55,127","18,997","18,654",2023-12-03 09:30:40
2023-11,3호선,0337,대청,"251,378","233,988","63,173","60,919",2023-12-03 09:30:40
2023-11,3호선,0338,일원,"254,470","242,928","74,073","73,504",2023-12-03 09:30:40
2023-11,3호선,0339,수서,"440,983","449,904","122,945","120,461",2023-12-03 09:30:40
2023-11,3호선,0340,가락시장,"188,369","187,230","84,236","83,270",2023-12-03 09:30:40
2023-11,3호선,0341,경찰병원,"172,295","170,076","43,729","45,252",2023-12-03 09:30:40
2023-11,3호선,0342,오금,"160,170","142,768","34,122","32,094",2023-12-03 09:30:40
2023-11,4호선,0409,당고개,"211,959","178,230","77,516","76,511",2023-12-03 09:30:40
2023-11,4호선,0410,상계,"452,216","417,022","128,086","125,544",2023-12-03 09:30:40
2023-11,4호선,0411,노원,"475,172","561,550","101,018","108,734",2023-12-03 09:30:40
2023-11,4호선,0412,창동,"550,341","584,816","218,017","225,113",2023-12-03 09:30:40
2023-11,4호선,0413,쌍문,"684,672","623,490","177,797","175,977",2023-12-03 09:30:40
2023-11,4호선,0414,수유(강북구청),"818,697","814,003","199,654","199,637",2023-12-03 09:30:40
2023-11,4호선,0415,미아(서울사이버대학),"345,399","328,350","117,250","119,802",2023-12-03 09:30:40
2023-11,4호선,0416,미아사거리,"609,137","594,800","190,411","189,867",2023-12-03 09:30:40
2023-11,4호선,0417,길음,"533,294","532,325","125,285","125,715",2023-12-03 09:30:40
2023-11,4호선,0418,성신여대입구(돈암),"570,317","546,320","92,007","89,781",2023-12-03 09:30:40
2023-11,4호선,0419,한성대입구(삼선교),"361,514","348,060","77,933","76,352",2023-12-03 09:30:40
2023-11,4호선,0420,혜화,"1,011,308","1,017,934","145,354","144,143",2023-12-03 09:30:40
2023-11,4호선,0421,동대문,"438,914","461,420","154,023","149,780",2023-12-03 09:30:40
2023-11,4호선,0422,동대문역사문화공원(DDP),"497,943","440,367","64,461","57,106",2023-12-03 09:30:40
2023-11,4호선,0423,충무로,"799,833","822,075","124,969","127,350",2023-12-03 09:30:40
2023-11,4호선,0424,명동,"970,144","1,050,113","79,472","81,908",2023-12-03 09:30:40
2023-11,4호선,0425,회현(남대문시장),"608,369","640,945","197,091","195,598",2023-12-03 09:30:40
2023-11,4호선,0426,서울역,"329,583","604,786","43,141","57,577",2023-12-03 09:30:40
2023-11,4호선,0427,숙대입구(갈월),"410,690","395,569","57,108","53,184",2023-12-03 09:30:40
2023-11,4호선,0428,삼각지,"159,002","185,220","25,886","27,144",2023-12-03 09:30:40
2023-11,4호선,0429,신용산,"512,231","546,303","58,416","59,019",2023-12-03 09:30:40
2023-11,4호선,0430,이촌(국립중앙박물관),"201,792","222,141","51,079","53,638",2023-12-03 09:30:40
2023-11,4호선,0431,동작(현충원),"26,316","30,185","13,302","13,418",2023-12-03 09:30:40
2023-11,4호선,0432,총신대입구(이수),"408,973","450,951","153,977","161,595",2023-12-03 09:30:40
2023-11,4호선,0433,사당,"691,791","608,046","104,828","106,272",2023-12-03 09:30:40
2023-11,4호선,0434,남태령,"32,426","25,106","8,771","8,099",2023-12-03 09:30:40
2023-11,경부선,1001,서울역,"282,433","89,714","18,579","4,000",2023-12-03 09:30:40
2023-11,경부선,1002,남영,"263,242","279,357","38,856","39,965",2023-12-03 09:30:40
2023-11,경부선,1003,용산,"1,141,069","1,154,005","141,348","140,299",2023-12-03 09:30:40
2023-11,경부선,1004,노량진,"228,767","239,474","51,092","49,514",2023-12-03 09:30:40
2023-11,경부선,1005,대방,"253,910","285,475","60,046","62,213",2023-12-03 09:30:40
2023-11,경부선,1006,영등포,"989,522","1,020,072","279,903","281,213",2023-12-03 09:30:40
2023-11,경부선,1007,신도림,"89,702","92,940","25,356","30,375",2023-12-03 09:30:40
2023-11,경부선,1032,신길,"216,319","180,255","47,826","44,502",2023-12-03 09:30:40
2023-11,경부선,1701,구로,"426,917","443,267","104,436","100,125",2023-12-03 09:30:40
2023-11,경부선,1702,가산디지털단지,"440,545","508,643","39,694","43,257",2023-12-03 09:30:40
2023-11,경부선,1703,금천구청,"256,427","255,002","82,121","83,185",2023-12-03 09:30:40
2023-11,경부선,1704,석수,"224,266","201,963","49,715","46,766",2023-12-03 09:30:40
2023-11,경부선,1705,관악,"174,120","161,988","55,404","54,037",2023-12-03 09:30:40
2023-11,경부선,1706,안양,"620,328","616,809","123,028","126,787",2023-12-03 09:30:40
2023-11,경부선,1707,명학,"230,212","224,065","43,730","42,460",2023-12-03 09:30:40
2023-11,경부선,1708,금정,"705,183","715,291","128,687","129,930",2023-12-03 09:30:40
2023-11,경부선,1709,군포,"171,211","166,297","40,124","39,414",2023-12-03 09:30:40
2023-11,경부선,1710,의왕,"222,567","219,386","46,640","46,426",2023-12-03 09:30:40
2023-11,경부선,1711,성균관대,"421,684","414,905","59,273","59,458",2023-12-03 09:30:40
2023-11,경부선,1712,화서,"215,974","207,113","47,551","46,413",2023-12-03 09:30:40
2023-11,경부선,1713,수원,"1,040,705","1,103,796","153,494","155,627",2023-12-03 09:30:40
2023-11,경부선,1714,독산,"442,799","453,606","71,450","72,985",2023-12-03 09:30:40
2023-11,경부선,1715,세류,"85,553","77,323","16,582","16,254",2023-12-03 09:30:40
2023-11,경부선,1716,병점,"424,138","424,405","69,562","69,370",2023-12-03 09:30:40
2023-11,경부선,1717,세마,"79,884","75,603","16,491","15,770",2023-12-03 09:30:40
2023-11,경부선,1718,오산대,"103,393","94,134","18,965","18,009",2023-12-03 09:30:40
2023-11,경부선,1719,오산,"273,879","275,143","50,028","51,029",2023-12-03 09:30:40
2023-11,경부선,1720,진위,"42,453","38,086","9,569","9,138",2023-12-03 09:30:40
2023-11,경부선,1721,송탄,"119,797","118,715","22,061","21,720",2023-12-03 09:30:40
2023-11,경부선,1722,서정리,"236,208","217,254","36,094","35,063",2023-12-03 09:30:40
2023-11,경부선,1723,평택지제,"126,576","120,091","14,558","14,223",2023-12-03 09:30:40
2023-11,경부선,1724,평택,"362,352","363,781","67,851","67,192",2023-12-03 09:30:40
2023-11,경부선,1725,성환,"157,465","151,643","20,248","20,158",2023-12-03 09:30:40
2023-11,경부선,1726,직산,"23,263","22,867","5,074","4,772",2023-12-03 09:30:40
2023-11,경부선,1727,두정,"221,772","239,509","27,456","27,957",2023-12-03 09:30:40
2023-11,경부선,1728,천안,"183,578","165,836","54,977","54,703",2023-12-03 09:30:40
2023-11,경부선,1729,당정,"158,201","150,574","33,268","31,555",2023-12-03 09:30:40
2023-11,경부선,1749,서동탄,"35,951","31,358","7,560","7,157",2023-12-03 09:30:40
2023-11,경부선,1750,광명,"108,230","90,791","11,661","11,261",2023-12-03 09:30:40
2023-11,경인선,1801,개봉,"484,857","467,547","163,836","170,128",2023-12-03 09:30:40
2023-11,경인선,1802,오류동,"254,514","233,837","91,946","90,039",2023-12-03 09:30:40
2023-11,경인선,1803,역곡,"664,545","652,513","154,737","160,267",2023-12-03 09:30:40
2023-11,경인선,1804,부천,"736,396","733,720","221,633","223,654",2023-12-03 09:30:40
2023-11,경인선,1805,송내,"660,192","650,809","129,150","127,342",2023-12-03 09:30:40
2023-11,경인선,1806,부평,"714,579","763,873","150,240","151,911",2023-12-03 09:30:40
2023-11,경인선,1807,백운,"161,867","154,660","62,436","62,539",2023-12-03 09:30:40
2023-11,경인선,1808,동암,"362,162","360,968","103,962","104,866",2023-12-03 09:30:40
2023-11,경인선,1809,주안,"492,169","444,606","95,562","85,443",2023-12-03 09:30:40
2023-11,경인선,1810,제물포,"254,672","242,049","66,818","65,617",2023-12-03 09:30:40
2023-11,경인선,1811,동인천,"306,579","286,993","118,827","116,037",2023-12-03 09:30:40
2023-11,경인선,1812,인천,"78,453","58,131","32,226","28,872",2023-12-03 09:30:40
2023-11,경인선,1813,구일,"176,301","176,791","47,765","46,607",2023-12-03 09:30:40
2023-11,경인선,1814,소사,"179,463","172,143","65,781","64,476",2023-12-03 09:30:40
2023-11,경인선,1815,부개,"193,263","176,544","69,229","67,715",2023-12-03 09:30:40
2023-11,경인선,1816,간석,"127,709","120,034","46,036","43,951",2023-12-03 09:30:40
2023-11,경인선,1817,도원,"74,578","74,570","28,584","30,243",2023-12-03 09:30:40
2023-11,경인선,1821,온수(성공회대입구),"143,266","132,182","51,443","49,918",2023-12-03 09:30:40
2023-11,경인선,1822,중동,"198,540","181,695","75,413","74,050",2023-12-03 09:30:40
2023-11,경인선,1823,도화,"83,115","74,331","39,959","38,773",2023-12-03 09:30:40
2023-11,경원선,1008,이촌(국립중앙박물관),"88,075","67,512","32,706","27,804",2023-12-03 09:30:40
2023-11,경원선,1009,서빙고,"51,594","50,045","18,972","18,486",2023-12-03 09:30:40
2023-11,경원선,1010,한남,"90,423","87,269","31,457","29,568",2023-12-03 09:30:40
2023-11,경원선,1011,옥수,"1,795","1,223",163,75,2023-12-03 09:30:40
2023-11,경원선,1012,응봉,"40,170","33,396","17,841","16,162",2023-12-03 09:30:40
2023-11,경원선,1013,왕십리(성동구청),"433,830","439,609","76,161","78,348",2023-12-03 09:30:40
2023-11,경원선,1014,청량리(서울시립대입구),"381,023","394,284","150,501","156,476",2023-12-03 09:30:40
2023-11,경원선,1016,외대앞,"274,533","266,170","46,845","47,323",2023-12-03 09:30:40
2023-11,경원선,1017,신이문,"183,072","165,464","68,771","67,427",2023-12-03 09:30:40
2023-11,경원선,1018,석계,"173,197","194,417","61,536","66,750",2023-12-03 09:30:40
2023-11,경원선,1019,광운대,"211,613","201,376","56,322","54,896",2023-12-03 09:30:40
2023-11,경원선,1020,월계,"159,112","145,399","64,900","63,047",2023-12-03 09:30:40
2023-11,경원선,1021,녹천,"95,592","78,077","38,217","34,784",2023-12-03 09:30:40
2023-11,경원선,1022,창동,13,0,1,0,2023-12-03 09:30:40
2023-11,경원선,1901,방학,"185,312","180,033","111,234","109,436",2023-12-03 09:30:40
2023-11,경원선,1902,도봉,"101,725","96,002","71,234","70,421",2023-12-03 09:30:40
2023-11,경원선,1903,도봉산,"129,789","68,925","105,825","81,941",2023-12-03 09:30:40
2023-11,경원선,1904,망월사,"189,328","190,633","72,017","73,145",2023-12-03 09:30:40
2023-11,경원선,1905,회룡,"231,071","226,314","153,128","150,985",2023-12-03 09:30:40
2023-11,경원선,1906,의정부,"445,241","460,155","117,018","118,874",2023-12-03 09:30:40
2023-11,경원선,1907,가능,"137,072","130,208","57,038","56,262",2023-12-03 09:30:40
2023-11,경원선,1908,녹양,"95,615","90,156","38,966","36,969",2023-12-03 09:30:40
2023-11,경원선,1909,양주,"171,096","162,182","55,167","53,996",2023-12-03 09:30:40
2023-11,경원선,1910,덕계,"118,105","103,830","31,200","29,386",2023-12-03 09:30:40
2023-11,경원선,1911,덕정,"154,736","145,662","35,421","35,408",2023-12-03 09:30:40
2023-11,경원선,1912,지행,"153,097","154,086","44,518","44,354",2023-12-03 09:30:40
2023-11,경원선,1913,동두천중앙,"56,249","53,824","34,343","34,701",2023-12-03 09:30:40
2023-11,경원선,1914,보산,"34,749","32,174","13,409","12,483",2023-12-03 09:30:40
2023-11,경원선,1915,동두천,"50,053","51,390","22,936","27,003",2023-12-03 09:30:40
2023-11,경원선,1916,소요산,"30,976","25,517","50,537","46,003",2023-12-03 09:30:40
2023-11,안산선,1751,산본,"373,236","404,533","109,399","111,172",2023-12-03 09:30:40
2023-11,안산선,1752,대야미,"116,737","102,660","32,526","30,513",2023-12-03 09:30:40
2023-11,안산선,1753,반월,"96,453","92,978","32,207","32,259",2023-12-03 09:30:40
2023-11,안산선,1754,상록수,"400,382","402,816","72,986","73,769",2023-12-03 09:30:40
2023-11,안산선,1755,한대앞,"261,008","260,253","44,411","46,017",2023-12-03 09:30:40
2023-11,안산선,1756,중앙,"499,397","526,086","67,440","66,252",2023-12-03 09:30:40
2023-11,안산선,1757,고잔,"233,598","223,537","39,096","37,708",2023-12-03 09:30:40
2023-11,안산선,1758,초지,"139,525","140,192","19,892","20,012",2023-12-03 09:30:40
2023-11,안산선,1759,안산,"329,398","307,637","39,731","37,096",2023-12-03 09:30:40
2023-11,안산선,1760,신길온천,"49,768","44,990","10,310","10,213",2023-12-03 09:30:40
2023-11,안산선,1761,정왕,"279,274","282,658","29,836","31,058",2023-12-03 09:30:40
2023-11,안산선,1762,오이도,"213,149","211,707","35,083","34,970",2023-12-03 09:30:40
2023-11,안산선,1763,수리산,"89,023","70,640","32,945","31,516",2023-12-03 09:30:40
2023-11,과천선,1450,선바위,"207,380","175,616","36,207","35,111",2023-12-03 09:30:40
2023-11,과천선,1451,경마공원,"95,616","96,543","70,480","69,806",2023-12-03 09:30:40
2023-11,과천선,1452,대공원,"78,017","80,920","39,829","41,861",2023-12-03 09:30:40
2023-11,과천선,1453,과천,"147,429","133,813","47,686","45,011",2023-12-03 09:30:40
2023-11,과천선,1454,정부과천청사,"275,028","286,998","58,623","57,906",2023-12-03 09:30:40
2023-11,과천선,1455,인덕원,"614,582","627,326","123,820","127,259",2023-12-03 09:30:40
2023-11,과천선,1456,평촌,"448,321","431,447","72,188","71,823",2023-12-03 09:30:40
2023-11,과천선,1457,범계,"676,357","678,391","119,697","117,276",2023-12-03 09:30:40
2023-11,분당선,1023,선릉,"323,195","505,152","49,238","65,888",2023-12-03 09:30:40
2023-11,분당선,1024,한티,"400,681","425,831","74,166","75,972",2023-12-03 09:30:40
2023-11,분당선,1025,도곡,"167,247","164,736","56,988","53,753",2023-12-03 09:30:40
2023-11,분당선,1026,구룡,"64,465","61,395","19,927","19,704",2023-12-03 09:30:40
2023-11,분당선,1027,개포동,"109,694","111,160","36,063","37,201",2023-12-03 09:30:40
2023-11,분당선,1028,대모산입구,"140,225","129,396","39,679","39,089",2023-12-03 09:30:40
2023-11,분당선,1030,수서,"372,742","384,014","76,310","79,196",2023-12-03 09:30:40
2023-11,분당선,1031,복정,29,0,1,0,2023-12-03 09:30:40
2023-11,분당선,1846,수원,"217,902","193,539","33,971","31,003",2023-12-03 09:30:40
2023-11,분당선,1847,서울숲,"353,971","369,809","35,173","34,845",2023-12-03 09:30:40
2023-11,분당선,1848,압구정로데오,"528,552","596,056","50,347","48,209",2023-12-03 09:30:40
2023-11,분당선,1849,강남구청,"238,629","277,103","41,373","44,676",2023-12-03 09:30:40
2023-11,분당선,1850,선정릉,"188,165","197,695","34,924","34,226",2023-12-03 09:30:40
2023-11,분당선,1851,가천대,"319,104","328,313","30,031","30,693",2023-12-03 09:30:40
2023-11,분당선,1852,태평,"301,601","280,877","94,713","98,258",2023-12-03 09:30:40
2023-11,분당선,1853,모란,"441,666","437,756","172,341","188,667",2023-12-03 09:30:40
2023-11,분당선,1854,야탑,"593,051","631,841","163,484","165,076",2023-12-03 09:30:40
2023-11,분당선,1855,서현,"580,556","596,761","134,104","129,511",2023-12-03 09:30:40
2023-11,분당선,1856,수내,"327,042","329,072","79,408","78,019",2023-12-03 09:30:40
2023-11,분당선,1857,정자,"452,549","476,081","74,715","74,214",2023-12-03 09:30:40
2023-11,분당선,1858,미금,"327,736","347,656","110,929","119,019",2023-12-03 09:30:40
2023-11,분당선,1859,오리,"264,154","219,850","75,708","66,488",2023-12-03 09:30:40
2023-11,분당선,1860,이매,"133,887","124,832","41,977","41,706",2023-12-03 09:30:40
2023-11,분당선,1861,보정,"57,876","50,150","21,712","20,749",2023-12-03 09:30:40
2023-11,분당선,1862,죽전,"356,757","390,454","76,349","79,380",2023-12-03 09:30:40
2023-11,분당선,1863,구성,"108,594","114,750","38,380","38,531",2023-12-03 09:30:40
2023-11,분당선,1864,신갈,"108,810","105,849","32,464","32,157",2023-12-03 09:30:40
2023-11,분당선,1865,기흥,"279,254","257,944","45,709","44,374",2023-12-03 09:30:40
2023-11,분당선,1866,상갈,"131,581","125,555","33,896","33,142",2023-12-03 09:30:40
2023-11,분당선,1867,청명,"115,755","111,537","22,178","22,324",2023-12-03 09:30:40
2023-11,분당선,1868,영통,"242,065","243,271","34,690","34,614",2023-12-03 09:30:40
2023-11,분당선,1869,망포,"413,877","395,049","43,651","41,890",2023-12-03 09:30:40
2023-11,분당선,1870,매탄권선,"140,557","134,891","24,223","23,335",2023-12-03 09:30:40
2023-11,분당선,1871,수원시청,"358,121","395,511","48,211","49,881",2023-12-03 09:30:40
2023-11,분당선,1872,매교,"126,743","125,289","25,895","26,117",2023-12-03 09:30:40
2023-11,일산선,1948,원흥,"273,738","257,424","65,912","63,168",2023-12-03 09:30:40
2023-11,일산선,1949,지축,15,0,0,0,2023-12-03 09:30:40
2023-11,일산선,1950,삼송,"476,975","450,777","98,327","99,170",2023-12-03 09:30:40
2023-11,일산선,1951,원당,"249,582","232,260","82,801","82,417",2023-12-03 09:30:40
2023-11,일산선,1952,화정,"387,755","399,423","122,638","125,019",2023-12-03 09:30:40
2023-11,일산선,1953,대곡,"72,683","53,160","13,348","11,678",2023-12-03 09:30:40
2023-11,일산선,1954,백석,"220,154","222,427","76,750","75,837",2023-12-03 09:30:40
2023-11,일산선,1955,마두,"155,576","159,763","67,318","68,577",2023-12-03 09:30:40
2023-11,일산선,1956,정발산,"164,300","171,572","56,279","53,542",2023-12-03 09:30:40
2023-11,일산선,1957,주엽,"190,659","189,863","92,818","96,544",2023-12-03 09:30:40
2023-11,일산선,1958,대화,"317,461","240,207","84,714","77,697",2023-12-03 09:30:40
2023-11,중앙선,1015,회기,"737,508","706,078","123,220","120,812",2023-12-03 09:30:40
2023-11,중앙선,1201,중랑,"114,526","109,784","49,624","48,791",2023-12-03 09:30:40
2023-11,중앙선,1202,상봉(시외버스터미널),"133,758","132,611","41,942","41,368",2023-12-03 09:30:40
2023-11,중앙선,1203,망우,"159,000","151,518","74,704","75,723",2023-12-03 09:30:40
2023-11,중앙선,1204,양원,"68,967","66,306","22,082","21,782",2023-12-03 09:30:40
2023-11,중앙선,1205,구리,"307,878","314,395","84,669","85,060",2023-12-03 09:30:40
2023-11,중앙선,1206,도농,"268,842","244,235","68,142","65,983",2023-12-03 09:30:40
2023-11,중앙선,1207,양정,"11,318","9,086","6,759","5,949",2023-12-03 09:30:40
2023-11,중앙선,1208,덕소,"116,795","113,900","45,573","45,813",2023-12-03 09:30:40
2023-11,중앙선,1209,도심,"52,043","39,067","19,754","17,854",2023-12-03 09:30:40
2023-11,중앙선,1210,팔당,"17,713","18,319","8,191","8,002",2023-12-03 09:30:40
2023-11,중앙선,1211,운길산,"12,409","11,788","8,404","8,698",2023-12-03 09:30:40
2023-11,중앙선,1212,양수,"35,138","34,839","20,939","21,163",2023-12-03 09:30:40
2023-11,중앙선,1213,신원,"2,848","2,551","3,133","2,674",2023-12-03 09:30:40
2023-11,중앙선,1214,국수,"12,328","12,042","9,239","9,416",2023-12-03 09:30:40
2023-11,중앙선,1215,아신,"11,371","11,411","7,735","7,569",2023-12-03 09:30:40
2023-11,중앙선,1216,오빈,"4,767","4,736","4,193","4,335",2023-12-03 09:30:40
2023-11,중앙선,1217,양평,"62,963","64,996","33,242","34,280",2023-12-03 09:30:40
2023-11,중앙선,1218,원덕,"5,066","4,956","5,826","5,742",2023-12-03 09:30:40
2023-11,중앙선,1219,용문,"31,670","31,972","34,955","35,091",2023-12-03 09:30:40
2023-11,중앙선,1220,지평,855,"1,102",966,989,2023-12-03 09:30:40
2023-11,장항선,1401,봉명,"28,088","27,961","11,026","10,587",2023-12-03 09:30:40
2023-11,장항선,1402,쌍용(나사렛대),"70,751","67,351","15,791","15,292",2023-12-03 09:30:40
2023-11,장항선,1403,아산,"126,666","109,203","14,678","13,617",2023-12-03 09:30:40
2023-11,장항선,1404,탕정,"40,863","36,437","5,997","5,713",2023-12-03 09:30:40
2023-11,장항선,1405,배방,"31,229","30,452","7,223","6,903",2023-12-03 09:30:40
2023-11,장항선,1407,온양온천,"92,297","94,125","58,315","59,090",2023-12-03 09:30:40
2023-11,장항선,1408,신창(순천향대),"71,073","67,684","6,704","6,312",2023-12-03 09:30:40
2023-11,경의선,1252,신촌,"25,145","31,951","4,034","5,017",2023-12-03 09:30:40
2023-11,경의선,1261,효창공원앞,"81,845","89,457","16,057","18,188",2023-12-03 09:30:40
2023-11,경의선,1263,서강대,"60,309","60,399","11,542","10,989",2023-12-03 09:30:40
2023-11,경의선,1265,가좌,"135,114","126,635","45,735","45,841",2023-12-03 09:30:40
2023-11,경의선,1267,수색,"81,617","82,849","18,115","18,352",2023-12-03 09:30:40
2023-11,경의선,1268,화전,"81,975","76,599","9,541","9,384",2023-12-03 09:30:40
2023-11,경의선,1269,강매,"78,626","66,735","19,044","17,976",2023-12-03 09:30:40
2023-11,경의선,1270,행신,"209,050","207,184","36,718","37,512",2023-12-03 09:30:40
2023-11,경의선,1271,능곡,"112,854","102,585","34,836","34,208",2023-12-03 09:30:40
2023-11,경의선,1272,곡산,"13,817","14,414","5,628","5,738",2023-12-03 09:30:40
2023-11,경의선,1273,백마,"182,181","174,808","37,845","37,364",2023-12-03 09:30:40
2023-11,경의선,1274,풍산,"141,995","133,530","39,778","38,841",2023-12-03 09:30:40
2023-11,경의선,1275,일산,"253,636","244,662","70,321","70,559",2023-12-03 09:30:40
2023-11,경의선,1276,탄현,"197,396","184,770","42,200","40,969",2023-12-03 09:30:40
2023-11,경의선,1277,야당,"220,318","224,324","42,231","41,192",2023-12-03 09:30:40
2023-11,경의선,1278,운정,"182,409","166,628","43,426","41,974",2023-12-03 09:30:40
2023-11,경의선,1279,금릉,"131,691","126,302","31,757","30,909",2023-12-03 09:30:40
2023-11,경의선,1280,금촌,"155,111","150,510","46,542","47,885",2023-12-03 09:30:40
2023-11,경의선,1282,월롱,"59,988","52,161","8,697","9,254",2023-12-03 09:30:40
2023-11,경의선,1283,파주,"36,795","28,007","7,375","6,466",2023-12-03 09:30:40
2023-11,경의선,1284,문산,"121,900","118,103","47,171","47,151",2023-12-03 09:30:40
2023-11,경의선,1285,임진강,443,431,267,321,2023-12-03 09:30:40
2023-11,경의선,1286,운천,116,32,127,107,2023-12-03 09:30:40
2023-11,경의선,1291,서울역,"114,958","141,944","17,714","21,236",2023-12-03 09:30:40
2023-11,경의선,1292,공덕,"107,717","85,382","16,365","15,327",2023-12-03 09:30:40
2023-11,경의선,1293,홍대입구,"58,034","73,184","5,566","6,401",2023-12-03 09:30:40
2023-11,경의선,1294,디지털미디어시티,"72,653","65,675","12,953","13,113",2023-12-03 09:30:40
2023-11,경의선,1295,김포공항,2,0,0,0,2023-12-03 09:30:40
2023-11,경의선,1296,계양,6,0,0,0,2023-12-03 09:30:40
2023-11,경의선,1297,검암,5,0,1,0,2023-12-03 09:30:40
2023-11,경춘선,1311,신내,"46,955","43,712","18,511","17,967",2023-12-03 09:30:40
2023-11,경춘선,1312,갈매,"69,069","57,230","21,298","20,168",2023-12-03 09:30:40
2023-11,경춘선,1313,별내,"72,059","69,118","22,524","21,110",2023-12-03 09:30:40
2023-11,경춘선,1314,퇴계원,"78,565","70,651","29,475","27,834",2023-12-03 09:30:40
2023-11,경춘선,1315,사릉,"51,989","49,942","15,373","15,525",2023-12-03 09:30:40
2023-11,경춘선,1316,금곡,"28,341","27,279","16,428","16,027",2023-12-03 09:30:40
2023-11,경춘선,1317,평내호평,"139,425","136,573","47,898","46,153",2023-12-03 09:30:40
2023-11,경춘선,1318,천마산,"29,278","25,952","18,047","18,038",2023-12-03 09:30:40
2023-11,경춘선,1319,마석,"83,585","79,954","34,463","34,010",2023-12-03 09:30:40
2023-11,경춘선,1320,대성리,"15,994","16,787","6,527","6,218",2023-12-03 09:30:40
2023-11,경춘선,1321,청평,"35,886","34,584","17,915","17,753",2023-12-03 09:30:40
2023-11,경춘선,1322,상천,"4,262","3,816","4,649","4,428",2023-12-03 09:30:40
2023-11,경춘선,1323,가평,"46,949","46,946","15,742","15,539",2023-12-03 09:30:40
2023-11,경춘선,1324,굴봉산,"1,646","1,537","1,873","1,750",2023-12-03 09:30:40
2023-11,경춘선,1325,백양리,"1,596","1,578","1,034","1,184",2023-12-03 09:30:40
2023-11,경춘선,1326,강촌,"11,259","10,902","4,373","4,348",2023-12-03 09:30:40
2023-11,경춘선,1327,김유정,"7,447","8,340","3,904","4,091",2023-12-03 09:30:40
2023-11,경춘선,1328,남춘천,"65,860","65,610","24,212","25,674",2023-12-03 09:30:40
2023-11,경춘선,1329,춘천,"39,675","35,258","15,350","12,409",2023-12-03 09:30:40
2023-11,수인선,1873,고색,"137,069","129,589","19,956","18,351",2023-12-03 09:30:40
2023-11,수인선,1874,오목천,"125,709","105,242","16,657","16,199",2023-12-03 09:30:40
2023-11,수인선,1875,어천,"31,836","29,247","7,197","8,014",2023-12-03 09:30:40
2023-11,수인선,1876,야목,"8,734","7,288","2,752","2,387",2023-12-03 09:30:40
2023-11,수인선,1877,사리,"136,071","117,015","20,563","19,121",2023-12-03 09:30:40
2023-11,수인선,1878,달월,"2,123","1,568","1,185",611,2023-12-03 09:30:40
2023-11,수인선,1879,월곶,"68,055","60,896","17,534","17,266",2023-12-03 09:30:40
2023-11,수인선,1880,소래포구,"104,617","98,171","65,405","63,981",2023-12-03 09:30:40
2023-11,수인선,1881,인천논현,"125,460","135,753","36,905","37,403",2023-12-03 09:30:40
2023-11,수인선,1882,호구포,"94,696","97,940","23,144","22,956",2023-12-03 09:30:40
2023-11,수인선,1883,남동인더스파크,"52,957","59,556","7,115","7,222",2023-12-03 09:30:40
2023-11,수인선,1884,원인재,"99,820","103,548","34,493","34,482",2023-12-03 09:30:40
2023-11,수인선,1885,연수,"111,404","109,096","32,346","32,497",2023-12-03 09:30:40
2023-11,수인선,1886,송도,"52,358","46,321","23,434","22,434",2023-12-03 09:30:40
2023-11,수인선,1888,인하대,"185,949","175,262","29,979","28,789",2023-12-03 09:30:40
2023-11,수인선,1889,숭의,"89,377","82,422","31,490","30,020",2023-12-03 09:30:40
2023-11,수인선,1890,신포,"41,065","41,969","14,078","14,230",2023-12-03 09:30:40
2023-11,수인선,1891,인천,"19,291","33,992","12,106","15,481",2023-12-03 09:30:40
2023-11,경강선,1501,판교,"150,248","151,129","21,762","19,009",2023-12-03 09:30:40
2023-11,경강선,1502,이매,"28,646","24,232","7,410","7,079",2023-12-03 09:30:40
2023-11,경강선,1503,삼동,"59,288","53,906","14,763","15,035",2023-12-03 09:30:40
2023-11,경강선,1504,경기광주,"203,668","188,262","35,407","35,218",2023-12-03 09:30:40
2023-11,경강선,1505,초월,"88,641","82,350","16,790","16,173",2023-12-03 09:30:40
2023-11,경강선,1506,곤지암,"62,843","60,052","15,668","15,872",2023-12-03 09:30:40
2023-11,경강선,1507,신둔도예촌,"38,951","35,507","8,756","8,560",2023-12-03 09:30:40
2023-11,경강선,1508,이천,"72,273","77,700","14,725","15,994",2023-12-03 09:30:40
2023-11,경강선,1509,부발,"62,533","59,928","10,442","10,449",2023-12-03 09:30:40
2023-11,경강선,1510,세종대왕릉,"6,832","6,914","3,853","3,985",2023-12-03 09:30:40
2023-11,경강선,1511,여주,"69,897","70,727","18,668","19,286",2023-12-03 09:30:40
2023-11,서해선,1980,김포공항,"77,057","92,407","10,180","13,969",2023-12-03 09:30:40
2023-11,서해선,1981,원종,"93,934","94,711","35,665","37,052",2023-12-03 09:30:40
2023-11,서해선,1982,부천종합운동장,"65,485","51,822","7,394","5,789",2023-12-03 09:30:40
2023-11,5호선,2511,방화,"149,702","142,356","55,965","55,259",2023-12-03 09:30:40
2023-11,5호선,2512,개화산,"132,850","125,214","42,124","41,238",2023-12-03 09:30:40
2023-11,5호선,2513,김포공항,"237,285","187,762","42,856","40,364",2023-12-03 09:30:40
2023-11,5호선,2514,송정,"138,936","130,013","50,390","48,728",2023-12-03 09:30:40
2023-11,5호선,2515,마곡,"295,398","298,486","47,716","46,032",2023-12-03 09:30:40
2023-11,5호선,2516,발산,"548,409","572,842","108,751","104,915",2023-12-03 09:30:40
2023-11,5호선,2517,우장산,"337,570","329,437","98,329","102,256",2023-12-03 09:30:40
2023-11,5호선,2518,화곡,"692,380","641,846","153,745","146,989",2023-12-03 09:30:40
2023-11,5호선,2519,까치산,"671,074","636,028","162,440","164,227",2023-12-03 09:30:40
2023-11,5호선,2520,신정(은행정),"332,956","269,919","65,444","63,746",2023-12-03 09:30:40
2023-11,5호선,2521,목동,"400,770","432,126","87,051","88,197",2023-12-03 09:30:40
2023-11,5호선,2522,오목교(목동운동장앞),"539,932","575,913","91,819","91,013",2023-12-03 09:30:40
2023-11,5호선,2523,양평,"187,055","181,861","31,411","30,873",2023-12-03 09:30:40
2023-11,5호선,2524,영등포구청,"110,938","110,170","21,647","21,362",2023-12-03 09:30:40
2023-11,5호선,2525,영등포시장,"253,808","261,375","78,692","80,492",2023-12-03 09:30:40
2023-11,5호선,2526,신길,"128,037","132,331","12,584","13,056",2023-12-03 09:30:40
2023-11,5호선,2527,여의도,"793,423","827,059","58,947","55,433",2023-12-03 09:30:40
2023-11,5호선,2528,여의나루,"332,207","399,989","31,139","30,645",2023-12-03 09:30:40
2023-11,5호선,2529,마포,"362,330","370,560","65,849","65,575",2023-12-03 09:30:40
2023-11,5호선,2530,공덕,"371,442","392,117","50,696","48,595",2023-12-03 09:30:40
2023-11,5호선,2531,애오개,"156,944","155,182","39,957","38,321",2023-12-03 09:30:40
2023-11,5호선,2532,충정로(경기대입구),"118,292","120,869","15,115","15,634",2023-12-03 09:30:40
2023-11,5호선,2533,서대문,"519,604","528,073","74,344","70,202",2023-12-03 09:30:40
2023-11,5호선,2534,광화문(세종문화회관),"878,063","925,805","94,891","92,197",2023-12-03 09:30:40
2023-11,5호선,2535,종로3가,"351,356","336,843","95,237","97,652",2023-12-03 09:30:40
2023-11,5호선,2536,을지로4가,"147,094","151,803","44,186","43,325",2023-12-03 09:30:40
2023-11,5호선,2537,동대문역사문화공원(DDP),"80,504","92,866","8,545","9,656",2023-12-03 09:30:40
2023-11,5호선,2538,청구,"90,313","86,053","25,276","20,765",2023-12-03 09:30:40
2023-11,5호선,2539,신금호,"150,743","157,559","40,498","45,449",2023-12-03 09:30:40
2023-11,5호선,2540,행당,"188,358","165,917","53,852","48,905",2023-12-03 09:30:40
2023-11,5호선,2541,왕십리(성동구청),"109,878","128,864","26,522","26,042",2023-12-03 09:30:40
2023-11,5호선,2542,마장,"133,636","125,013","43,150","42,412",2023-12-03 09:30:40
2023-11,5호선,2543,답십리,"384,432","345,324","86,827","83,667",2023-12-03 09:30:40
2023-11,5호선,2544,장한평,"457,889","449,504","98,946","100,785",2023-12-03 09:30:40
2023-11,5호선,2545,군자(능동),"305,343","338,904","43,188","45,628",2023-12-03 09:30:40
2023-11,5호선,2546,아차산(어린이대공원후문),"340,538","329,206","100,201","98,423",2023-12-03 09:30:40
2023-11,5호선,2547,광나루(장신대),"350,382","326,705","75,670","72,996",2023-12-03 09:30:40
2023-11,5호선,2548,천호(풍납토성),"432,002","421,016","142,806","145,665",2023-12-03 09:30:40
2023-11,5호선,2549,강동,"427,507","418,173","108,807","106,127",2023-12-03 09:30:40
2023-11,5호선,2550,길동,"160,401","165,904","77,142","78,983",2023-12-03 09:30:40
2023-11,5호선,2551,굽은다리(강동구민회관앞),"204,513","196,495","79,061","74,442",2023-12-03 09:30:40
2023-11,5호선,2552,명일,"192,294","195,576","74,893","77,329",2023-12-03 09:30:40
2023-11,5호선,2553,고덕,"228,263","223,192","80,288","78,903",2023-12-03 09:30:40
2023-11,5호선,2554,상일동,"329,321","310,926","95,511","93,383",2023-12-03 09:30:40
2023-11,5호선,2555,둔촌동,"193,743","193,649","68,574","69,224",2023-12-03 09:30:40
2023-11,5호선,2556,올림픽공원(한국체대),"127,201","113,021","41,087","37,909",2023-12-03 09:30:40
2023-11,5호선,2557,방이,"169,380","175,064","51,863","51,929",2023-12-03 09:30:40
2023-11,5호선,2558,오금,"86,560","87,460","23,256","22,462",2023-12-03 09:30:40
2023-11,5호선,2559,개롱,"142,418","147,526","52,761","54,074",2023-12-03 09:30:40
2023-11,5호선,2560,거여,"232,455","226,109","68,273","66,252",2023-12-03 09:30:40
2023-11,5호선,2561,마천,"165,427","146,848","59,912","60,921",2023-12-03 09:30:40
2023-11,5호선,2562,강일,"124,676","113,094","44,444","42,949",2023-12-03 09:30:40
2023-11,5호선,2563,미사,"427,603","433,677","87,202","86,488",2023-12-03 09:30:40
2023-11,5호선,2564,하남풍산,"99,717","99,526","32,340","32,049",2023-12-03 09:30:40
2023-11,5호선,2565,하남시청(덕풍·신장),"162,182","152,824","75,539","75,647",2023-12-03 09:30:40
2023-11,5호선,2566,하남검단산,"143,093","134,268","52,772","52,331",2023-12-03 09:30:40
2023-11,6호선,2611,응암,"400,213","394,509","123,314","123,228",2023-12-03 09:30:40
2023-11,6호선,2612,역촌,"79,344","102,315","34,365","34,059",2023-12-03 09:30:40
2023-11,6호선,2613,불광,"96,702","98,819","42,034","34,446",2023-12-03 09:30:40
2023-11,6호선,2614,독바위,"61,135","61,460","20,648","25,474",2023-12-03 09:30:40
2023-11,6호선,2615,연신내,11,0,2,0,2023-12-03 09:30:40
2023-11,6호선,2616,구산,"181,522","120,424","54,675","57,078",2023-12-03 09:30:40
2023-11,6호선,2617,새절(신사),"293,621","266,741","91,503","91,479",2023-12-03 09:30:40
2023-11,6호선,2618,증산(명지대앞),"222,216","221,321","74,652","75,210",2023-12-03 09:30:40
2023-11,6호선,2619,디지털미디어시티,"371,769","406,139","62,772","63,425",2023-12-03 09:30:40
2023-11,6호선,2620,월드컵경기장(성산),"136,448","179,160","58,166","57,915",2023-12-03 09:30:40
2023-11,6호선,2621,마포구청,"351,812","312,485","84,571","77,345",2023-12-03 09:30:40
2023-11,6호선,2622,망원,"362,355","385,266","83,079","86,814",2023-12-03 09:30:40
2023-11,6호선,2623,합정,"373,519","373,390","42,744","39,708",2023-12-03 09:30:40
2023-11,6호선,2624,상수,"290,569","332,780","23,307","23,253",2023-12-03 09:30:40
2023-11,6호선,2625,광흥창(서강),"220,625","211,406","55,299","54,592",2023-12-03 09:30:40
2023-11,6호선,2626,대흥(서강대앞),"238,705","249,080","49,272","48,911",2023-12-03 09:30:40
2023-11,6호선,2627,공덕,"477,457","464,570","81,663","76,440",2023-12-03 09:30:40
2023-11,6호선,2628,효창공원앞,"188,285","173,910","39,620","36,346",2023-12-03 09:30:40
2023-11,6호선,2629,삼각지,"208,743","184,102","21,127","17,965",2023-12-03 09:30:40
2023-11,6호선,2630,녹사평(용산구청),"138,551","140,626","19,767","19,395",2023-12-03 09:30:40
2023-11,6호선,2631,이태원,"331,196","355,215","32,680","33,151",2023-12-03 09:30:40
2023-11,6호선,2632,한강진,"274,633","322,413","18,019","17,829",2023-12-03 09:30:40
2023-11,6호선,2633,버티고개,"51,452","49,007","14,833","16,966",2023-12-03 09:30:40
2023-11,6호선,2634,약수,"92,478","89,255","23,758","22,923",2023-12-03 09:30:40
2023-11,6호선,2635,청구,"92,672","90,504","20,375","22,850",2023-12-03 09:30:40
2023-11,6호선,2636,신당,"220,770","227,283","39,635","39,034",2023-12-03 09:30:40
2023-11,6호선,2637,동묘앞,"181,386","189,899","69,307","64,226",2023-12-03 09:30:40
2023-11,6호선,2638,창신,"87,171","72,818","20,044","19,408",2023-12-03 09:30:40
2023-11,6호선,2639,보문,"205,818","190,641","33,170","31,753",2023-12-03 09:30:40
2023-11,6호선,2640,안암(고대병원앞),"382,918","382,450","40,213","39,730",2023-12-03 09:30:40
2023-11,6호선,2641,고려대(종암),"247,625","240,520","37,364","36,372",2023-12-03 09:30:40
2023-11,6호선,2642,월곡(동덕여대),"303,320","291,313","71,369","70,812",2023-12-03 09:30:40
2023-11,6호선,2643,상월곡(한국과학기술연구원),"160,579","148,292","43,002","41,593",2023-12-03 09:30:40
2023-11,6호선,2644,돌곶이,"240,162","215,685","65,634","64,649",2023-12-03 09:30:40
2023-11,6호선,2645,석계,"292,440","307,643","81,188","80,229",2023-12-03 09:30:40
2023-11,6호선,2646,태릉입구,"139,421","160,942","35,228","36,320",2023-12-03 09:30:40
2023-11,6호선,2647,화랑대(서울여대입구),"326,563","248,186","50,726","45,379",2023-12-03 09:30:40
2023-11,6호선,2648,봉화산(서울의료원),"212,090","196,349","51,545","51,143",2023-12-03 09:30:40
2023-11,6호선,2649,신내,7,0,0,0,2023-12-03 09:30:40
2023-11,7호선,2711,장암,"65,477","25,843","11,449","8,279",2023-12-03 09:30:40
2023-11,7호선,2712,도봉산,"227,261","255,445","50,494","70,846",2023-12-03 09:30:40
2023-11,7호선,2713,수락산,"272,751","264,485","99,658","101,562",2023-12-03 09:30:40
2023-11,7호선,2714,마들,"295,843","272,342","93,360","90,880",2023-12-03 09:30:40
2023-11,7호선,2715,노원,"464,756","485,452","136,121","128,853",2023-12-03 09:30:40
2023-11,7호선,2716,중계,"344,048","312,903","100,447","96,960",2023-12-03 09:30:40
2023-11,7호선,2717,하계,"435,655","406,181","118,061","113,713",2023-12-03 09:30:40
2023-11,7호선,2718,공릉(서울과학기술대),"300,348","293,087","75,129","76,043",2023-12-03 09:30:40
2023-11,7호선,2719,태릉입구,"230,886","219,176","46,541","41,856",2023-12-03 09:30:40
2023-11,7호선,2720,먹골,"234,957","228,373","68,632","70,886",2023-12-03 09:30:40
2023-11,7호선,2721,중화,"249,523","242,836","67,217","67,304",2023-12-03 09:30:40
2023-11,7호선,2722,상봉(시외버스터미널),"431,497","411,564","76,655","72,805",2023-12-03 09:30:40
2023-11,7호선,2723,면목,"362,946","345,684","97,627","101,478",2023-12-03 09:30:40
2023-11,7호선,2724,사가정,"375,599","374,982","105,769","106,611",2023-12-03 09:30:40
2023-11,7호선,2725,용마산(용마폭포공원),"138,655","132,763","35,557","38,574",2023-12-03 09:30:40
2023-11,7호선,2726,중곡,"260,970","239,376","65,694","66,469",2023-12-03 09:30:40
2023-11,7호선,2727,군자(능동),"365,592","279,740","84,321","72,469",2023-12-03 09:30:40
2023-11,7호선,2728,어린이대공원(세종대),"464,183","472,330","43,969","43,970",2023-12-03 09:30:40
2023-11,7호선,2729,건대입구,"357,036","375,769","63,272","57,905",2023-12-03 09:30:40
2023-11,7호선,2730,뚝섬유원지,"192,472","185,701","44,846","44,333",2023-12-03 09:30:40
2023-11,7호선,2731,청담,"475,291","534,580","80,654","77,885",2023-12-03 09:30:40
2023-11,7호선,2732,강남구청,"421,031","471,407","55,355","56,473",2023-12-03 09:30:40
2023-11,7호선,2733,학동,"611,377","647,406","66,212","63,223",2023-12-03 09:30:40
2023-11,7호선,2734,논현,"463,876","481,986","46,781","45,309",2023-12-03 09:30:40
2023-11,7호선,2735,반포,"149,554","146,000","38,362","36,575",2023-12-03 09:30:40
2023-11,7호선,2736,고속터미널,"461,370","363,719","81,982","72,435",2023-12-03 09:30:40
2023-11,7호선,2737,내방,"348,228","356,071","78,344","75,643",2023-12-03 09:30:40
2023-11,7호선,2738,이수,"392,569","381,686","83,103","78,643",2023-12-03 09:30:40
2023-11,7호선,2739,남성,"267,180","247,894","77,221","76,440",2023-12-03 09:30:40
2023-11,7호선,2740,숭실대입구(살피재),"388,752","384,837","67,945","70,041",2023-12-03 09:30:40
2023-11,7호선,2741,상도,"311,229","305,759","65,274","62,525",2023-12-03 09:30:40
2023-11,7호선,2742,장승배기,"204,571","196,086","69,532","70,651",2023-12-03 09:30:40
2023-11,7호선,2743,신대방삼거리,"350,672","328,379","92,524","95,155",2023-12-03 09:30:40
2023-11,7호선,2744,보라매,"172,921","176,632","32,148","33,377",2023-12-03 09:30:40
2023-11,7호선,2745,신풍,"258,655","239,429","74,215","72,676",2023-12-03 09:30:40
2023-11,7호선,2746,대림(구로구청),"227,713","229,774","43,963","43,199",2023-12-03 09:30:40
2023-11,7호선,2747,남구로,"371,422","389,929","63,853","64,057",2023-12-03 09:30:40
2023-11,7호선,2748,가산디지털단지,"1,124,211","1,129,561","99,811","94,569",2023-12-03 09:30:40
2023-11,7호선,2749,철산,"525,226","534,225","105,336","104,654",2023-12-03 09:30:40
2023-11,7호선,2750,광명사거리,"450,150","435,769","153,479","158,840",2023-12-03 09:30:40
2023-11,7호선,2751,천왕,"278,106","262,293","61,514","61,727",2023-12-03 09:30:40
2023-11,7호선,2752,온수(성공회대입구),"257,893","240,910","43,248","40,284",2023-12-03 09:30:40
2023-11,7호선,2757,부천시청,1,0,0,0,2023-12-03 09:30:40
2023-11,8호선,2811,암사,"436,649","378,394","108,559","106,449",2023-12-03 09:30:40
2023-11,8호선,2812,천호(풍납토성),"358,166","426,912","88,996","86,322",2023-12-03 09:30:40
2023-11,8호선,2813,강동구청,"238,299","246,080","69,631","70,124",2023-12-03 09:30:40
2023-11,8호선,2814,몽촌토성(평화의문),"163,972","165,752","36,933","35,925",2023-12-03 09:30:40
2023-11,8호선,2815,잠실(송파구청),"408,945","489,666","78,936","77,347",2023-12-03 09:30:40
2023-11,8호선,2816,석촌,"179,856","214,120","54,910","58,790",2023-12-03 09:30:40
2023-11,8호선,2817,송파,"210,450","205,569","66,991","66,648",2023-12-03 09:30:40
2023-11,8호선,2818,가락시장,"169,166","193,572","69,863","70,811",2023-12-03 09:30:40
2023-11,8호선,2819,문정,"543,152","565,979","64,215","64,122",2023-12-03 09:30:40
2023-11,8호선,2820,장지,"423,252","386,406","89,320","84,446",2023-12-03 09:30:40
2023-11,8호선,2821,복정,"242,731","202,343","42,016","37,460",2023-12-03 09:30:40
2023-11,8호선,2822,산성,"133,806","132,912","33,483","35,860",2023-12-03 09:30:40
2023-11,8호선,2823,남한산성입구(성남법원.검찰청),"343,088","310,739","78,394","74,631",2023-12-03 09:30:40
2023-11,8호선,2824,단대오거리,"283,457","270,790","75,504","73,778",2023-12-03 09:30:40
2023-11,8호선,2825,신흥,"109,187","114,332","40,816","43,582",2023-12-03 09:30:40
2023-11,8호선,2826,수진,"115,363","104,361","46,437","45,461",2023-12-03 09:30:40
2023-11,8호선,2827,모란,"88,582","71,353","55,811","42,867",2023-12-03 09:30:40
2023-11,8호선,2828,남위례,"173,346","176,555","33,938","33,002",2023-12-03 09:30:40
2023-11,9호선,4101,개화,"69,534","45,624","13,518","10,579",2023-12-03 09:30:40
2023-11,9호선,4102,김포공항,"201,225","293,368","20,059","25,749",2023-12-03 09:30:40
2023-11,9호선,4103,공항시장,"64,262","68,595","24,378","26,507",2023-12-03 09:30:40
2023-11,9호선,4104,신방화,"157,563","153,733","48,629","49,043",2023-12-03 09:30:40
2023-11,9호선,4105,마곡나루(서울식물원),"357,434","352,097","36,356","35,078",2023-12-03 09:30:40
2023-11,9호선,4106,양천향교,"246,124","249,820","48,947","48,274",2023-12-03 09:30:40
2023-11,9호선,4107,가양,"522,951","507,353","140,497","137,987",2023-12-03 09:30:40
2023-11,9호선,4108,증미,"188,654","178,908","37,694","37,668",2023-12-03 09:30:40
2023-11,9호선,4109,등촌,"263,204","248,203","86,865","87,204",2023-12-03 09:30:40
2023-11,9호선,4110,염창,"451,885","431,326","79,788","78,400",2023-12-03 09:30:40
2023-11,9호선,4111,신목동,"103,309","88,765","25,427","24,079",2023-12-03 09:30:40
2023-11,9호선,4112,선유도,"225,398","210,936","31,110","30,515",2023-12-03 09:30:40
2023-11,9호선,4113,당산,"500,523","503,785","72,708","67,725",2023-12-03 09:30:40
2023-11,9호선,4114,국회의사당,"426,041","443,109","64,025","58,096",2023-12-03 09:30:40
2023-11,9호선,4115,여의도,"822,800","776,117","55,087","50,999",2023-12-03 09:30:40
2023-11,9호선,4116,샛강,"154,967","154,542","31,636","30,684",2023-12-03 09:30:40
2023-11,9호선,4117,노량진,"697,996","683,853","94,245","93,742",2023-12-03 09:30:40
2023-11,9호선,4118,노들,"107,607","85,304","34,016","31,185",2023-12-03 09:30:40
2023-11,9호선,4119,흑석(중앙대입구),"246,314","248,239","59,637","60,051",2023-12-03 09:30:40
2023-11,9호선,4120,동작(현충원),"41,458","34,710","12,822","11,337",2023-12-03 09:30:40
2023-11,9호선,4121,구반포,"22,368","22,925","9,425","9,526",2023-12-03 09:30:40
2023-11,9호선,4122,신반포,"92,961","89,996","29,477","29,592",2023-12-03 09:30:40
2023-11,9호선,4123,고속터미널,"391,481","558,234","70,646","84,310",2023-12-03 09:30:40
2023-11,9호선,4124,사평,"93,537","89,302","25,004","25,091",2023-12-03 09:30:40
2023-11,9호선,4125,신논현,"862,992","849,915","56,641","55,026",2023-12-03 09:30:40
2023-11,공항철도 1호선,4201,서울역,"380,827","338,601","36,688","33,441",2023-12-03 09:30:40
2023-11,공항철도 1호선,4202,공덕,"73,826","103,005","8,997","10,956",2023-12-03 09:30:40
2023-11,공항철도 1호선,4203,홍대입구,"409,669","407,642","19,751","18,089",2023-12-03 09:30:40
2023-11,공항철도 1호선,4204,디지털미디어시티,"389,367","363,371","30,893","28,749",2023-12-03 09:30:40
2023-11,공항철도 1호선,4206,마곡나루(서울식물원),"295,796","283,261","17,043","17,405",2023-12-03 09:30:40
2023-11,공항철도 1호선,4207,김포공항,"290,747","156,289","25,338","15,432",2023-12-03 09:30:40
2023-11,공항철도 1호선,4208,계양,"355,633","333,912","37,099","34,873",2023-12-03 09:30:40
2023-11,공항철도 1호선,4209,검암,"180,192","185,113","18,208","18,587",2023-12-03 09:30:40
2023-11,공항철도 1호선,4210,청라국제도시,"200,291","189,958","15,216","15,087",2023-12-03 09:30:40
2023-11,공항철도 1호선,4211,운서,"237,342","249,703","30,523","30,855",2023-12-03 09:30:40
2023-11,공항철도 1호선,4212,공항화물청사,"52,374","55,541","10,210","9,541",2023-12-03 09:30:40
2023-11,공항철도 1호선,4213,인천공항1터미널,"359,532","344,016","34,915","31,065",2023-12-03 09:30:40
2023-11,공항철도 1호선,4215,인천공항2터미널,"180,138","156,398","16,647","14,390",2023-12-03 09:30:40
2023-11,공항철도 1호선,4217,영종,"96,871","98,554","21,587","21,456",2023-12-03 09:30:40
2023-11,9호선2~3단계,4126,언주,"304,499","308,353","33,648","33,384",2023-12-03 09:30:40
2023-11,9호선2~3단계,4127,선정릉,"259,629","282,235","30,321","31,118",2023-12-03 09:30:40
2023-11,9호선2~3단계,4128,삼성중앙,"191,414","198,985","28,735","28,267",2023-12-03 09:30:40
2023-11,9호선2~3단계,4129,봉은사,"593,215","620,089","58,040","55,666",2023-12-03 09:30:40
2023-11,9호선2~3단계,4130,종합운동장,"127,533","127,308","24,196","22,200",2023-12-03 09:30:40
2023-11,9호선2~3단계,4131,삼전,"185,344","172,483","40,700","39,946",2023-12-03 09:30:40
2023-11,9호선2~3단계,4132,석촌고분,"167,126","162,158","42,315","42,519",2023-12-03 09:30:40
2023-11,9호선2~3단계,4133,석촌,"235,426","210,896","43,110","38,275",2023-12-03 09:30:40
2023-11,9호선2~3단계,4134,송파나루,"132,974","141,621","29,926","31,307",2023-12-03 09:30:40
2023-11,9호선2~3단계,4135,한성백제,"70,990","63,162","18,750","16,820",2023-12-03 09:30:40
2023-11,9호선2~3단계,4136,올림픽공원(한국체대),"238,521","255,880","36,007","36,087",2023-12-03 09:30:40
2023-11,9호선2~3단계,4137,둔촌오륜,"27,539","25,263","7,582","8,085",2023-12-03 09:30:40
2023-11,9호선2~3단계,4138,중앙보훈병원,"262,235","223,427","83,490","81,212",2023-12-03 09:30:40
2023-11,우이신설선,4701,북한산우이,"63,592","55,093","35,854","37,495",2023-12-03 09:30:40
2023-11,우이신설선,4702,솔밭공원,"49,133","43,190","30,563","31,625",2023-12-03 09:30:40
2023-11,우이신설선,4703,4.19민주묘지,"78,629","77,086","36,601","32,637",2023-12-03 09:30:40
2023-11,우이신설선,4704,가오리,"76,179","73,696","53,440","55,057",2023-12-03 09:30:40
2023-11,우이신설선,4705,화계,"60,530","54,507","46,375","47,131",2023-12-03 09:30:40
2023-11,우이신설선,4706,삼양,"32,331","32,500","28,138","31,034",2023-12-03 09:30:40
2023-11,우이신설선,4707,삼양사거리,"38,999","39,497","37,639","37,565",2023-12-03 09:30:40
2023-11,우이신설선,4708,솔샘,"136,371","123,837","42,197","44,012",2023-12-03 09:30:40
2023-11,우이신설선,4709,북한산보국문,"153,854","143,359","46,514","46,012",2023-12-03 09:30:40
2023-11,우이신설선,4710,정릉,"100,886","89,775","49,443","46,423",2023-12-03 09:30:40
2023-11,우이신설선,4711,성신여대입구(돈암),"76,900","90,351","31,000","30,462",2023-12-03 09:30:40
2023-11,우이신설선,4712,보문,"32,835","33,079","16,254","15,740",2023-12-03 09:30:40
2023-11,우이신설선,4713,신설동,"37,126","36,993","34,416","29,198",2023-12-03 09:30:40
2023-11,신림선,4401,샛강,"64,150","77,756","15,255","14,521",2023-12-03 09:30:40
2023-11,신림선,4402,대방,"69,133","51,207","17,595","14,637",2023-12-03 09:30:40
2023-11,신림선,4403,서울지방병무청,"63,729","68,443","23,821","26,149",2023-12-03 09:30:40
2023-11,신림선,4404,보라매,"91,158","84,553","23,205","20,627",2023-12-03 09:30:40
2023-11,신림선,4405,보라매공원,"44,496","48,475","16,196","17,611",2023-12-03 09:30:40
2023-11,신림선,4406,보라매병원,"153,221","160,648","52,989","51,974",2023-12-03 09:30:40
2023-11,신림선,4407,당곡,"97,670","94,152","36,477","36,516",2023-12-03 09:30:40
2023-11,신림선,4408,신림,"35,127","51,633","15,737","18,935",2023-12-03 09:30:40
2023-11,신림선,4409,서원,"77,894","65,471","24,415","23,875",2023-12-03 09:30:40
2023-11,신림선,4410,서울대벤처타운,"217,023","193,997","65,142","64,578",2023-12-03 09:30:40
2023-11,신림선,4411,관악산(서울대),"58,912","63,597","29,703","30,296",2023-12-03 09:30:40
